topic,text
Sport,"Another nail-biting match in tennis! 🎾 The players' skill and precision on the court were truly impressive. #TennisIntensity #Sportsmanship"
Sport,"Cheering for the underdogs! 🏒 The hockey team's unexpected triumph brought so much joy to fans. #UnderdogVictory #HockeyExcitement"
Sport,"Golfing weekend with friends! ⛳️ A perfect blend of competition and relaxation on the greens. #GolfLife #WeekendSports"
Technology,"The latest software update is a game-changer! 💻 Improved performance and new features make work a breeze. #SoftwareUpdate #TechImprovements"
Technology,"Coding marathon in progress! 💻 Embracing the challenges and victories of programming. #CodeLife #TechJourney"
Technology,"Smart home innovations are making life more convenient! 🏡 Controlling lights, temperature, and more with a simple command. #SmartHomeTech #Innovation"
Health,"Sunday meal prep for a healthy week ahead! 🥗 Prioritizing nutritious choices to fuel the body. #HealthyEating #MealPrep"
Health,"Mind-body connection through yoga! 🧘‍♀️ Finding balance and flexibility for both physical and mental well-being. #YogaJourney #Mindfulness"
Health,"Outdoor run to clear the mind! 🏃‍♂️ Fresh air, sunshine, and exercise – the perfect recipe for a positive day. #RunningRoutine #Wellness"
Health,"Exploring herbal teas for a cozy evening ritual. ☕️ Embracing the soothing benefits of chamomile and peppermint. #TeaTime #Relaxation"
Sport,"Incredible comeback in the last quarter! 🏀 Our team's determination and skill turned the game around. #ComebackVictory #BasketballThrills"
Sport,"Soccer match was a nail-biter till the end! ⚽️ The precision in those penalty kicks was unmatched. #SoccerExcitement #GoalFest"
Sport,"Marathon completed! 🏃‍♀️ The sense of accomplishment after crossing the finish line is indescribable. #RunnersHigh #MarathonAchievement"
Technology,"Exciting launch event for the latest tech gadget! 📱 Can't wait to explore its features and see how it enhances daily life. #TechLaunch #GadgetEnthusiast"
Technology,"Robots are making tasks easier than ever! 🤖 Just witnessed a demonstration of a robot that can perform complex tasks autonomously. #RoboticsInnovation #TechAdvancement"
Technology,"Diving into the world of 3D printing! 🖨️ The possibilities are endless, from creating prototypes to personalized items. #3DPrintingRevolution #TechDiscovery"
Health,"Mindfulness meditation has become a daily ritual. 🧘‍♂️ Taking time to center myself and focus on the present moment. #MindfulnessPractice #InnerPeace"
Health,"Healthy habits start with a good night's sleep! 😴 Prioritizing rest for overall well-being. #SleepHealth #Wellness"
Health,"Plant-based meals are a game-changer! 🌱 Exploring new recipes that are not only delicious but also nourishing. #PlantBasedEating #HealthyChoices"
Health,"Hiking adventure in the great outdoors! 🏞️ Connecting with nature and getting some exercise at the same time. #NatureTherapy #OutdoorFitness"
Sport,"Intense rivalry on the soccer field! ⚽️ The energy and passion displayed by both teams kept fans on the edge of their seats. #SoccerShowdown #IntenseMatch"
Sport,"Basketball game with unexpected twists! 🏀 Every play kept us guessing, proving that anything can happen on the court. #BasketballThrills #GameSurprises"
Sport,"Weekend cycling adventure! 🚴‍♀️ Explored scenic trails and embraced the joy of cycling in the great outdoors. #CyclingLife #OutdoorFitness"
Technology,"Exploring the wonders of quantum computing! 💻 The potential for solving complex problems is fascinating. #QuantumComputing #TechInnovation"
Technology,"A deep dive into blockchain technology! ⛓️ Understanding its decentralized nature and potential applications. #BlockchainExploration #TechTalk"
Technology,"The future of AI is here! 🤖 Witnessed a demonstration of advanced artificial intelligence applications that left me in awe. #AIFuture #TechAdvancements"
Health,"Mindful breathing exercises for stress relief! 🌬️ Taking a moment to focus on the breath and find calmness in the midst of a busy day. #Mindfulness #StressRelief"
Health,"Healthy snack ideas for a midday boost! 🍎 Incorporating nuts, fruits, and yogurt into the snack routine. #HealthySnacking #NutritionTips"
Health,"Morning stretching routine for flexibility! 🤸‍♂️ Simple stretches to kickstart the day and promote overall mobility. #StretchingRoutine #Wellness"
Health,"A good night's sleep starts with a calming bedtime ritual. 🌙 Creating a peaceful environment and winding down for restful sleep. #SleepWell #BedtimeRoutine"